word,count
roundwell,2
blindand,6
baker,1
pain,250
songso,2
artists,2
skills,1
talk,273
friendim,2
saytake,4
bars,10
dryconvinced,1
unemployment,1
wash,70
scrapeyou,1
sensation,32
liquor,2
eyesswallow,2
bodyoh,1
silence,31
saythat,4
strongoh,3
showerall,1
closet,4
freezes,1
advanced,1
shits,2
sends,5
silently,5
garden,66
touchive,1
banking,1
toes,19
paperthin,1
wine,45
boyoh,2
lawn,3
fatter,2
loosefootloose,1
check,34
eyesnow,2
eyesahahahahah,2
dreamsin,1
danceif,1
door,258
meditate,1
eyed,6
whispered,9
harder,32
living,239
pooping,1
radioif,1
sayingwe,2
creation,7
secret,119
band,91
performed,1
fantasies,13
flesh,13
toxicintoxicate,1
sayyou,6
books,9
relationships,1
limits,2
grad,1
saytheres,2
sofa,2
feeling,422
sing,257
gamesso,1
bar,28
hed,48
songits,2
sweeper,8
eyeswhatever,2
armsive,1
theirs,5
sleeping,58
controlyour,2
hairy,2
clothes,42
hanging,75
fantasize,2
masters,2
dad,25
traveled,7
gardeni,4
checkers,1
body,295
sold,19
refused,1
chestyou,2
seen,153
victorythough,1
hardersweet,1
shoebox,1
wifetalk,2
touchartpop,1
soft,19
checking,7
goal,6
moneyso,1
moms,2
doorcause,1
achieved,1
eyeswere,2
graduations,1
eyewell,2
mate,6
controlso,1
friend,283
paystill,2
bodyboy,1
somebodysomeone,4
championon,1
sore,3
pretenders,1
advantage,4
songrolling,2
dr,3
dreamsonce,1
grade,1
warmth,10
discount,1
touchwhy,1
kin,2
songwe,2
sayim,2
eyes,1542
cooky,1
pimple,1
loudjust,3
black,212
friendred,1
saycome,4
boys,324
armsif,1
tightrope,2
soundtrack,4
hi,7
secrets,59
saywalking,2
dry,38
breathit,1
cooli,3
roundupside,4
face,371
gamelets,2
dancefor,1
sayinchorus,2
silent,9
watch,255
surgery,2
travel,21
chronic,2
hangover,1
looker,1
dreamin,55
dreamers,3
meetingiz,2
strongbaby,2
cruisin,23
perfectlythere,1
dreamis,4
blues,54
work,410
eyein,2
soundtracksource,1
songyeah,4
sayshalala,4
silencewhen,1
legalize,12
celebrating,4
herowould,2
strokes,6
keg,3
bodytouch,1
attempts,1
ring,60
telephone,34
sounded,5
touchoh,3
hotel,13
king,37
arts,2
survivego,2
managing,1
secretary,1
choked,1
prick,1
shouted,5
reward,2
keyboard,2
brownstone,1
rang,11
trade,20
stroke,102
hospital,1
clubin,2
vacations,1
boywhen,2
speakers,10
someonesomeone,1
conquered,1
buys,2
leaders,4
bones,35
gamble,1
learnt,4
learngive,1
loverlike,2
teach,47
veinsand,1
greener,5
color,32
tells,13
paperback,21
wealth,1
reportedly,2
provide,1
rent,18
offering,1
planned,17
worked,32
families,6
traded,14
stomach,1
movie,11
powers,5
strongernnow,1
broom,2
painful,4
xrays,1
freeze,8
saycest,4
bought,18
housework,1
dadadaday,3
swelling,1
tvi,1
bargained,4
brotherin,1
dreami,1
guitars,11
cd,2
businesssome,1
survive,47
rents,2
weak,59
sunshiny,9
chills,15
lipsthese,1
surviveso,1
grippin,1
screamtired,1
roughtil,1
gametwenty,1
bluei,5
songlove,2
dollar,14
holidaythe,1
met,123
numberah,1
easypeace,2
costa,1
nerves,4
thou,2
pal,4
someones,19
infect,3
overtaken,1
feet,159
candles,7
macho,1
lip,7
fingertipsday,2
read,154
loudapplause,3
drum,32
effect,4
corporation,2
survivepapers,1
fail,11
spat,1
eyesbaby,2
caressing,6
bike,4
power,115
relationshipi,1
sweepin,1
red,123
defeated,9
promoting,4
lipstick,8
sharpen,1
politics,5
speaking,10
brothersim,1
kingi,2
service,1
talks,4
bodies,19
saylift,2
gardener,8
songdrop,8
knees,76
brighta,1
bed,94
sleepthen,1
beauty,28
accounts,1
coach,1
fingerdevil,2
students,2
weakest,1
ability,2
dreamthe,2
health,2
faint,5
bookmark,1
store,8
us,778
winning,11
rounddo,2
weakconvincing,1
cleanthose,1
beautifulbaby,1
joker,3
hiring,1
shining,95
songsinging,2
credits,1
boywhats,2
soundisnt,1
dance,672
business,17
controllin,1
whisperin,2
friendeverybody,1
loser,13
members,2
chorus,86
yellow,49
rugs,1
saybut,2
whispering,9
felt,167
speaker,4
learnll,1
meditation,4
roller,2
brother,73
master,19
visiting,1
intoxicated,1
showering,1
bleed,14
drink,73
sleepsso,1
conclusion,1
heart,1686
producer,6
ours,21
dancerie,16
stock,3
shouting,3
aching,10
leading,10
silenced,1
opportunities,1
sell,23
fingertipson,4
songand,2
partners,2
banks,1
humans,2
champagne,2
powerful,5
comedont,1
strongwaiting,2
chronicles,1
sayknowing,2
heel,1
story,56
hairdo,2
warmeverywhere,1
gate,9
attempt,2
session,7
boylook,2
pride,81
lawyers,6
sings,19
amigosmacarena,6
doctors,2
curtains,6
cards,19
pissed,1
wounded,3
doorlovers,1
couch,1
birdies,3
mtv,3
heavier,3
belly,2
tightim,1
eyesit,2
recording,7
foot,14
mediocrity,1
greynow,1
penny,6
strongstrumming,1
initiative,1
margaritaville,2
award,1
soundin,2
motivo,6
loan,1
proudeverybody,1
sleepagain,1
musicbaby,2
survival,4
richiesince,1
selling,4
partynow,4
baseball,1
lipspussycat,1
fingeri,2
cleanse,1
weaker,2
wivesbut,2
dancer,46
failed,3
parents,2
eyethere,4
climbing,11
handful,3
doors,24
weightless,7
perfect,85
friendcarry,1
fathers,8
richthofen,1
working,116
boyyeah,2
wife,32
groupies,1
occupation,3
loss,3
television,5
grandfather,2
strongpain,1
hes,855
dizzy,5
skate,2
saybig,2
fire,317
armsim,1
dreamshere,2
soundseven,1
screen,9
saycarry,4
moneys,4
pen,6
eyeswalking,2
screambreak,1
ablei,1
eyeseveryone,2
holidays,1
tender,47
saytil,2
survivepassion,1
drums,19
shiny,25
actors,1
dj,61
cashed,1
proudly,2
dancini,1
toxicoh,1
thirsty,3
he,2544
sis,2
toy,17
doorbig,1
drinking,9
hunting,3
songyou,4
dick,14
acquisition,1
art,9
feelingwhat,1
friendsthe,1
sleepsuntil,2
sayhere,2
greying,1
expensive,1
pens,1
toothen,1
eyeslove,4
fingerhere,2
sunshines,6
rollercoaster,9
whiskey,14
interaction,1
questions,21
richer,1
pay,236
nosearching,1
horny,2
gossipin,1
shoulder,21
feelingshine,1
softer,9
danceor,2
stereo,2
musici,2
advance,1
yard,30
helping,16
view,24
crowned,3
blindim,2
sayhes,2
loudhere,1
played,71
riches,3
brighten,3
blueon,4
breasts,1
kneeling,3
colder,5
teaching,1
bluesso,2
spent,59
songla,2
rash,2
eyeive,2
celebrated,4
chest,14
blueseverybody,1
fishing,3
exes,1
dancecause,2
blood,47
game,168
ticket,15
visit,2
theyre,185
fingeryeow,2
poverty,7
noseguaranteed,1
boyfriend,3
orange,1
wealthy,1
champion,31
looking,267
sayand,8
rough,56
dreamily,1
toe,17
skull,1
friendsid,2
musictheres,2
rumor,2
harmony,19
vein,7
dado,1
legsnow,2
received,1
cleanaint,1
proud,72
scratch,13
laboratory,1
brothersone,1
hearing,20
qualified,3
meets,11
whod,4
coldlike,1
kneedeep,1
bluesgood,1
hairif,4
noses,2
disease,11
we,4178
survivewe,1
gameplay,3
costs,3
friendyou,2
gambler,4
able,13
perfection,2
gain,6
iv,1
squares,2
stare,35
incorporated,5
dancinyou,2
sleepchorusempty,1
club,43
blind,246
doctor,21
roundyou,2
heroyou,2
honorable,1
climb,53
travelin,21
prizeand,2
saymerrier,4
heroin,1
survived,2
request,6
kneesin,1
poisoni,1
sayfriends,2
whispers,8
strongbut,1
phoney,1
cookin,1
quittin,1
warms,2
voices,56
musicits,2
sleepwalking,1
standup,1
quiet,30
saywapapapapapapow,2
teachin,1
wound,6
loudon,1
baking,1
language,11
pregnant,1
promotion,2
asleep,36
guest,2
tickets1your,1
gates,7
tvs,2
bloody,8
your,6315
toothats,1
running,184
danceindustry,1
fortune,19
learnoh,2
taxed,2
thighs,8
ambition,4
soundlook,1
musicians,2
daughters,1
breath,117
kidsaid,1
easygot,1
loves,206
greyive,1
danceput,1
strength,70
cleancanary,1
vitamin,3
wholl,17
hush,26
smoother,3
survivor,27
family,201
fingerprints,2
tiring,2
letter,25
brains,1
poetry,8
tenderly,5
partywe,4
lovings,3
beaches,3
roundand,6
dancedancin,1
taught,50
offered,1
soundtracks,1
shout,47
tingles,2
homework,6
his,1239
showerdont,1
persuasion,12
inaudible,1
studio,9
hike,1
buyin,3
receive,15
grey,9
gainwe,1
clinical,1
meeting,10
talking,125
crown,2
spoken,24
momma,16
refusing,1
helps,7
guests,2
lazy,6
heavy,26
insulting,1
sleepchorus,1
shopping,8
showers,3
sayall,10
sounds,37
songbaby,2
richest,1
toyou,1
motive,2
profits,8
saywas,2
gained,1
brownand,2
owe,19
losers,1
skatin,2
surviving,1
yelling,1
glowoh,1
eyey,4
mouth,45
browne,2
press,4
dancerrhythm,6
produce,4
friendhow,2
boytheres,8
hip,23
purple,12
touchin,7
boyin,2
songooo,2
pool,11
numb,9
football,3
solves,1
throat,2
dreamcould,1
lost,348
skill,2
daddyd,1
sayfeels,2
beauties,1
require,2
intoxication,1
blinds,6
roundonce,2
overheard,1
boyjust,2
relaxation,2
moneyif,1
somebodys,50
hotelyou,1
spine,9
freezy,1
reporting,1
tease,20
listening,50
teammoney,4
brothereverybody,2
faces,59
bluer,1
transfer,2
parks,2
winnow,2
someone,416
account,2
gamebefore,1
hairs,4
buddy,6
jobthats,1
payi,4
holiday,12
mattress,3
refuseis,2
friendill,1
eyesyeah,2
blindso,4
brightly,3
sayyoure,2
bankhead,1
weaktime,1
coloring,1
dancinthe,1
sweater,4
failpictures,1
heal,21
doordont,2
breathing,28
brightened,1
conquer,8
brighteyed,1
danceooh,1
colourwhy,1
eyesverse,4
toothless,1
our,896
sweat,10
cheapbeen,1
loveromeo,2
address,3
friendso,1
heads,40
shoe,6
feelingwe,1
hiphop,3
strongsoon,1
harmonized,1
eyesstrumming,2
drying,2
daddy,35
circle,6
saybaby,4
boynow,2
dancingim,1
boyi,12
partyred,2
political,1
softly,29
rum,1
welfare,4
djs,3
strongyoure,3
requested,1
dancingboogie,1
soundsafe,3
fulfilled,1
achievewhen,1
brotheri,1
questionand,1
papers,4
surviveevery,1
youve,567
goall,6
doorooh,2
legal,1
dancy,2
recruit,2
saw,184
colour,10
eyeswith,2
ma,66
eyeschorus,2
dancers,3
pillow,19
progress,1
doorbut,2
brotherhood,5
hottie,2
screams,9
veins,15
hotels,2
theyve,54
grip,12
shoes,50
cleaned,1
kid,53
insomniac,2
dancedance,12
dancinkeep,1
mom,20
danceyou,1
loverap,2
buy,51
strongcoming,1
payment,2
tingle,1
lesson,8
sweati,1
phonewell,1
sleepsit,1
fired,4
man,1704
told,254
finger,38
solve,13
rumour,24
beer,16
bud,6
schools,1
aches,5
neighbors,18
greyyes,1
sleepless,4
ya,506
dreamooh,1
boybridge,2
youd,202
eyeswhen,2
boysometimes,4
production,2
brushed,2
powerpower,1
cleanill,1
bony,2
musicplease,12
teasing,3
look,720
doses,1
skin,132
sharing,12
talked,13
controlcontrol,1
video,2
sayhave,2
touched,37
haired,8
ourselves,45
surviveyou,1
cooland,1
dade,1
jokes,3
ill,1848
borrow,13
roundinstinctively,4
winner,12
strongour,1
theirsi,1
guitar,47
arms,266
colours,8
shittin,1
bluecause,1
boyz,18
visage,9
choirs,12
house,143
clean,95
pretender,2
tight,135
songs,146
friendswill,2
championstanding,1
book,30
group,9
gaze,5
blinded,12
opportunity,1
scan,1
spinal,1
eye,222
guitardo,1
sharply,1
heels,19
fuzz,2
owner,17
sickness,1
succeed,56
pretending,16
doorsometimes,1
rumors,1
him,1218
creates,2
saynothings,2
determined,1
survives,2
shoesnow,1
prognosis,1
moviei,1
someoneeverything,5
hotter,2
sick,37
bleedin,3
seeing,29
costoh,1
sayin,70
controlhop,1
fulfill,4
tried,220
worth,112
armsyoure,2
glowingthey,1
vacuum,1
sightslip,1
payphonewiz,2
daughter,1
try,614
humanityit,1
phonegirl,2
djhey,1
kids,60
teas,1
buddyand,2
houses,3
currency,1
requires,2
hobby,1
paralyzed,14
brightstarlight,2
freezei,1
roughhey,1
friendsand,2
songgliddy,4
gameif,1
folks,23
fragile,4
men,240
strongif,1
fails,3
team,108
reassure,1
telephoneand,1
doorbell,1
sayhow,12
karaoke,1
eyesand,16
videos,1
physically,1
cleanit,1
human,35
tightso,1
bodyprove,2
society,4
kingdom,11
sleepand,1
lovingwhats,2
caress,10
grandma,2
hungover,1
dreamnobody,1
dancei,10
pretend,70
cruisinso,1
easycome,1
healthy,9
tighter,4
friendssometimes,1
windowpane,1
jaw,1
edges,4
coldand,1
sands,5
soundwere,1
phonehow,1
dreamsclose,1
songjanuary,2
mommas,18
male,6
heavyweight,1
choir,6
freebut,1
gambling,3
pussycat,20
smoothly,1
overcome,3
spit,16
easyi,1
voice,84
tired,150
glowing,5
strongerevery,1
gameswhen,1
reply4,1
bladder,1
weaken,2
oven,3
marriage,4
grab,30
greythere,2
breathin,4
crap,4
colorize,2
shitted,1
survivorask,2
green,45
songevery,2
feelingyou,1
blindsome,2
speak,148
mathis,1
diseasefrustrated,1
groups,2
radios,2
dreamed,47
goalhey,2
won,12
thigh,3
hottest,1
mention,13
beaten,2
say,3750
bet,71
looked,64
fellow,11
sendin,3
rocks,13
plays,58
managed,1
richhere,1
shoeswalk,1
sayhe,4
rap,17
soundsif,2
thirst,6
someonewho,1
butt,1
somebodyive,2
resting,4
uncle,20
music,588
play,380
pissing,9
blindin,4
kneestell,1
rub,8
veinsburnin,1
tightwherever,2
grudgemr,1
celebrateround,2
pillowfunny,2
mating,1
drug,24
loving,246
bright,213
breathetell,2
fee,7
legs,20
clubbin,2
symphony,5
questionslove,1
dreamon,1
dancea,2
winners,1
failure,1
replythe,1
mouthyou,1
name,286
pulse,2
projects,2
images,2
songplay,4
proudi,1
losing,73
wrote,14
colorfuland,1
loversone,2
show,478
industry,2
feel,1795
weekends,3
saydont,4
microwave,2
survivors,1
pet,2
economical,2
marketplace,1
singing,94
wifey,2
songcause,2
mr,105
earnin,10
boycome,2
teeth,8
bathe,10
coin,1
eyesyou,6
breathcatch,2
grabbed,4
holidayhear,1
pennies,2
recruitif,1
sisters,26
hand,748
sleeps,22
teethso,1
sendingbody,1
plan,33
doorways,1
somebodyle,1
themselves,3
harden,11
pets,2
individually,1
apartment,2
beautifulhop,1
eyesfinally,4
socialites,1
strongbetcha,2
sayaheeahee,2
bargain,1
boyim,2
strongrunning,1
mrs,7
them,438
blueelectric,1
sunbathing,1
room,132
weakif,1
coldplay,2
cancer,8
sayya,2
doorwhen,3
thee,12
interview,6
froze,3
dancingdance,4
dollars,33
unwindmy,1
shower,27
warmthit,2
dreamscause,1
muscle,1
cream,28
white,162
noseim,1
fainted,1
relationship,4
brown,31
contagious,1
watching,126
losersee,1
silk,2
weary,13
kneeslike,1
soundits,1
invest,3
whitewalls,3
saylet,2
rich,29
xray,3
shirt,19
drugs,2
partying,4
dreamyour,1
heros,4
sightand,2
celebratei,4
gums,1
doorway,5
roundevery,2
shoutpresidential,1
kneesim,1
ahead,94
dancedancedancedance,2
hardest,12
dreamthats,1
jobs,6
radiotake,1
ringing,12
chat,1
warmer,7
payback,2
pays,6
teacher,14
friendly,6
married,20
dadadadadayayif,1
sleepin,11
glows,1
friendship,12
loosen,3
cookes,1
bedroom,5
bluest,1
blindly,2
radioeven,1
strongi,3
pretendin,4
graduated,1
sweetheartlove,4
welcomed,1
job,24
exchanging,2
shinin,31
songhe,2
moviepeg,3
science,3
office,3
performers,1
winnie,1
basketball,1
reply,3
image,12
songi,6
bodys,48
confidence,10
druggie,1
ass,42
meetings,2
shirtits,2
plans,51
number,97
sports,1
controli,3
eyeand,2
frozen,15
screaming,14
welcome,56
produced,4
saycoming,2
friendsbaby,1
cleansir,1
bleeding,33
nickel,2
phones,1
boyyou,6
eyesive,2
sayabraabracadabra,2
blue,194
harmonywhy,1
soaps,1
ball,43
homes,3
market,1
boombadoom,12
blueoh,1
travellin,4
importance,1
unwindin,1
watched,20
feelings,108
roundsomeones,2
windowthere,2
saying,192
drunken,1
kidding,5
immune,3
learning,23
guitarpicking,1
fortunes,1
school,48
poisonone,1
pub,1
jazz,37
loverecuerdo,2
question,34
lottery,3
neighborhoods,3
trying,208
excelled,2
leaded,2
meet,122
kingone,2
weakening,2
danceback,1
gamesand,1
someoneso,1
neck,9
eyesi,18
questioning,2
lipsdont,1
easyits,1
investigation,1
spend,96
sayssimple,2
sunshinin,1
backyard,1
champagneoh,1
solutioni,2
graduation,1
stallion,3
success,18
dancedancei,2
dreamslisten,1
ear,42
weekend,11
sleepy,12
sayonara,2
cook,5
hot,192
windowpictures,1
goals,4
screamingcould,1
tires,2
payin,14
hair,156
sayare,4
songall,4
blackedout,2
party,284
celebration,44
relax,17
saving,40
shoutin,9
warmbaby,1
value,1
exercise,2
gazin,1
musics,36
touchand,2
toothrained,1
poisoned,3
silencio,1
musicyouve,4
jazzy,1
solution,7
said,1300
breathei,1
brush,6
willing,25
dreameverything,1
dimensi√ån,2
jawwith,1
pills,2
warm,126
ambitions,1
stove,1
friendswe,1
honor,10
student,5
cleaning,1
tell,1272
stronglet,1
boyand,4
blindfolded,10
works,18
healer,3
approve,1
wrists,2
failing,1
speaks,14
roundone,2
novel,4
offers,2
driedthey,1
salary,4
caresso,3
peoples,6
dorm,1
cooking,4
friendsi,4
nosepussycat,1
paycold,2
glowin,1
choker,1
strongcause,2
drunk,27
fingerscant,2
saysput,2
touchonly,1
brainnight,1
hire,4
eyelid,2
opera,1
weakjust,1
touchooh,1
survivenow,1
strengthremember,1
roundi,2
challenge,7
pretendi,1
itch,2
friendif,2
brushing,5
loudyoure,1
beds,2
playing,75
planning,3
sight,85
visas,2
proudthis,3
skates,1
weakhow,1
bodily,1
toys,1
yawn,1
friendyoure,1
breathedont,1
fridge,1
tighten,29
bodyooh,1
dreamput,1
driven,3
buck,22
eyesoh,4
beautifuls,1
songwhen,2
radioactiveall,2
rougher,1
poison,65
bluecolors,1
breathecaught,1
saywhat,10
motivating,6
top,87
celebrate,148
capable,2
entertainment,1
sending,6
coffee,10
irresponsible,1
mouthi,1
blonde,1
doorstep,1
strongonly,1
sunlight,18
defeati,1
fingers,58
cheques,1
owners,1
concert,2
feelingif,1
leadso,2
roundwe,2
teamim,8
theater,1
drystrange,1
beach,11
control,194
winnerwell,1
celebrations,2
magazines,1
sayi,32
dancinooh,1
rock,373
vacation,19
tightly,2
squeeze,19
weakened,1
stronger,84
lessons,22
brokers,1
eyesmaybe,4
winnin,3
friends,324
incorporatedwell,2
heavyive,1
watchful,1
responsible,4
jazzjazz,4
owes,1
buying,3
partner,6
lungs,3
sayred,2
eyespussycat,2
dreamsi,4
responding,1
sayaint,2
sayuh,2
achieve,8
sayaooooooooo,2
guts,2
boyfriends,3
soundrunning,1
companion,10
nose,18
see,1922
song,626
sightthe,1
effort,1
brotherman,1
roughoh,2
succeeded,2
tequila,7
invested,1
touchfirst,1
tvthey,1
fingertips,10
entertainin,1
donate,3
cents,3
learnits,1
wedding,17
suggestive,1
addicted,23
armstrong,1
eyesno,2
payed,2
jazzfunky,1
reading,6
finalize,2
humanity,1
sunlit,1
cock,18
arm,9
survivin,2
amigosdale,6
games,92
dream,408
dancin,80
drummer,10
junior,1
sights,1
drummers,1
son,162
nosejob,1
sayoh,6
brightest,9
screamer,1
cool,141
loverain,2
cocks,1
leader,14
bluebirds,1
dancingahhh,1
recovered,1
smoothand,4
artist,8
persuaded,1
aunt,1
danceso,1
strongest,1
boychorus,2
stronghead,1
help,298
saysay,28
roundround,2
numbers,13
tax,6
chatter,1
eyesyoure,4
loudly,1
loverla,4
moneythe,4
tries,4
dimension,3
picture,52
drugbecause,1
cooling,3
gray,20
hotelall,1
couches,1
hear,1340
glance,11
first,249
dadadadadayay,2
pretendingi,3
rehab,8
scientist,2
yell,5
learnedi,1
pretended,1
self,11
limit,12
playfully,1
beautifullast,4
balcony,1
shit,67
roundow,8
eyeshes,2
sweep,11
knee,10
refuse,25
hospitality,1
nipple,1
friendoh,2
paying,2
eyesso,10
kidsthe,1
prizeso,2
individual,1
doordie,1
effortlessly,1
physical,33
receiving,1
saysearching,2
doorforward,1
friendbuddy,1
begging,23
heelsand,1
bands,5
created,9
breast,2
round,404
cash,23
endeavor,1
entertaining,1
better,669
phonewhy,1
pappy,2
guy,72
bucks,3
easy,232
person,12
succeedowner,2
fevers,3
choke,10
people,467
languages,1
sightswith,2
friendswhy,3
throats,1
schooled,1
candlelight,8
powerive,2
controlall,1
waist,17
buybuying,1
cost,20
defeat,6
lover,270
surviveits,2
exchange,1
screamin,2
fees,1
armsits,1
guys,32
tire,4
weaknesses,1
decorated,7
tightive,1
loveri,6
leads,26
blueif,1
weakness,18
cousin,1
wet,5
radiodont,1
shouldersee,1
toxic,7
ladies,31
accountants,1
dimes,5
blueswell,1
successful,4
loverive,2
earnedi,1
dadouble,2
beautifulso,1
danced,15
moneysonny,1
sir,9
coldone,1
perseverance,1
swimming,4
types,3
sunshine,97
challenged,1
bodypeople,2
cold,189
sale,5
mail,9
roughdarlin,1
dancewere,1
sleep,228
eyejive,2
challenges,1
watchin,20
dooryou,3
bluesive,2
candle,26
runner,1
dime,31
proudstronger,4
carpet,3
showerwaterthey,1
dried,4
stoned,5
vertigo,1
gameare,2
quietly,5
exhausting,1
sayits,4
boyhush,2
phone,86
mother,132
ears,28
drinks,22
improve,1
wages,8
shiningwhat,1
youre,2757
win,77
feelinggrease,2
breathingdont,1
gazing,4
practice,2
lipsi,1
pricks,1
whiteim,1
joking,2
sayjofftchofftchoffotchoffotchoff,2
thin,14
role,6
yours,96
resume,1
loved,176
colorado,6
coolest,2
proudoh,1
hard,477
whos,130
doorthere,1
grips,2
windows,14
survivorslife,3
breathenow,1
naked,21
breathetheres,1
payphone,10
cooldo,1
restaurant,2
diary,1
clubs,3
boom,112
nosewhats,1
firing,1
hero,45
dreamer,14
celebrateif,2
survivecause,1
silky,3
payeveryone,2
fantasia,4
victor,1
den,1
poorer,1
greendidnt,1
groupie,5
granddaughter,8
vodka,5
touches,2
mono,1
determination,1
bill,24
joke,2
dreamwhen,2
sleepsi,1
theyd,22
cheap,7
friendi,3
easyoh,2
create,6
touching,24
sons,12
lady,85
brotherswhy,1
father,31
colors,35
magazine,3
interrupt,1
dicks,1
bathroom,2
president,8
channels,1
toxicits,1
wrist,3
paid,19
breathingas,2
rib,1
perspire,1
drowsy,1
shitin,1
yall,82
heaviest,2
moneypirate,1
strong,261
greed,8
ache,5
yawning,1
lead,172
kneel,9
they,1368
ye,18
champions,1
fantasy,33
offer,11
kneesi,1
breathes,2
bone,29
writing,11
soundbr,1
poor,23
brain,27
mentor,1
whisper,61
phoning,1
porch,6
perfectly,10
strongerwell,1
itchy,2
flu,2
blacked,1
share,125
saythis,2
dancingi,1
type,28
danceoh,2
creativity,5
lets,579
learnteverything,2
weaki,3
motives,6
dreamjust,1
lips,101
boomin,1
hangin,46
send,81
fatherscome,1
debt,1
boyid,2
youll,588
pledge,11
learnin,6
wifeyjust,2
lose,309
listened,20
songsing,2
wins,5
police,8
greenevry,1
greenkarma,3
musicboogie,2
recover,2
costello,1
films,2
relaxin,2
mouths,1
beautiful,245
controlthis,1
phonelike,1
quit,41
dancewhoo,1
fund,1
dreamt,1
price,35
addiction,4
heroes,5
radio,75
edge,88
eyelike,4
staring,38
coolin,2
recruiting,1
movies,4
eyesthe,4
warmest,5
shityou,1
spoke,18
shirts,2
gameone,2
competition,2
dreaminfor,1
compete,7
eyesif,6
feels,191
payive,2
important,7
nudeand,1
feelingsstrike,2
someoneim,1
eyesgive,4
mall,2
manage,7
traveling,4
failsyou,1
glances,2
blueprint,2
softdoom,1
tv,27
thy,4
their,300
teamwere,20
film,2
chokin,1
softits,1
tightwhos,1
breathe,106
loudits,1
drinkin,4
pools,1
window,78
unwinds,1
boysits,4
cooler,3
hips,7
rooms,8
eyeballs,2
fuzzy,3
operator,1
freebelieve,1
richard,1
cruising,1
money,165
enables,1
cruise,8
honors,1
dimei,1
sayjachachachachachachow,2
loud,93
toxicwith,1
moneymia,1
confident,1
symptoms,2
messages,1
prize,4
armsi,3
saylittle,2
boywell,14
dreams,352
guitarra,1
cookie,2
lovergo,2
thinnest,1
learn,142
danceit,3
coldhow,1
involve,1
nerve,10
persuasive,2
shows,21
ex,2
tongue,26
refusesleep,1
rug,2
controlive,1
easydont,2
tvwould,4
jokers,4
coolwe,1
eyeswhats,2
caresses,1
powerfade,1
schoolsmarconi,1
private,20
friendshow,3
brotherso,1
pussy,6
doortheres,1
neighborhood,15
victory,26
spending,42
eyeseverytime,2
sweetheart,12
husband,26
radioactive,20
says,212
dancewe,1
dada,1
brotherif,1
sees,15
soundive,1
shared,33
fever,16
producers,2
buybuy,1
easyopen,1
drama,32
pressed,1
sayfrakakakakakakakakow,2
powerfight,1
healing,6
earned,7
noise,20
mommy,6
dvd,1
eyesim,2
noisy,3
teachers,5
life,1261
heron,1
chillin,3
shop,10
intoxicate,1
scream,60
comatose,2
hears,20
sang,74
roundabout,10
interviews,4
somebody,359
scratchin,2
breathein,1
screamed,3
cleanand,1
brightonly,1
pillowcaseyou,1
sleepsjust,1
honored,5
eyeswhenever,2
stares,2
learnttake,12
wake,183
heard,378
limpio,2
cruisings,2
scrabble,1
eyesas,2
profession,2
booked,1
bodyim,1
palm,8
rings,31
weight,22
free,393
learned,67
mortgage,2
relaxed,1
sayringdingdingdingdingeringeding,2
touch,442
saypass,2
cheapyou,1
dryin,2
brighter,44
gives,21
sound,190
smooth,11
friendwarms,1
social,3
blueeyed,1
soundno,1
colorful,1
pretendonce,1
teased,4
pains,6
love,6990
blindyou,2
channel,1
breathless,10
tightwhen,2
beerthe,1
blinding,10
responsibilities,2
sayhateehateehateeho,2
taxes,2
sayshoop,6
sensations,3
shoeshine,14
dancedont,1
freezing,1
thicker,5
eyesight,4
eyesheat,2
beggars,2
loose,35
surviveit,2
wear,42
channelled,1
fat,14
mastered,1
friendslook,1
brownmy,1
brushes,1
alive,245
breathoops,2
weakoh,1
sleepers,1
womb,1
proudthey,1
learnedooh,1
theyll,71
sand,28
dosewe,1
cocktail,2
touchi,1
telephonedont,1
beat,346
retired,2
awards,1
louder,41
sightdo,1
soundcause,1
presidents,4
wounds,11
square,15
softthe,1
markets,1
brainiac,1
stronglife,1
involved,1
profit,2
bills,38
poolhanging,1
sharp,7
saywe,6
payyoure,2
dreaming,85
bowels,1
friendtake,1
elbowwell,1
sayhold,6
sleepwalk,1
kings,8
bank,2
best,376
government,1
yen,1
shoeyabba,1
hearts,147
sayno,6
dances,1
carpets,2
unwindsif,3
swim,14
cheek,21
hands,776
dreamssleep,1
saythe,2
atm,1
friendits,1
whom,2
casual,4
screamyou,1
lovers,236
friendwhat,1
tenderness,23
earn,2
comedy,3
personal,5
home,525
praise,70
himself,12
tooth,4
leg,8
soften,1
partys,16
telling,108
test,16
heelsah,1
armsliving,1
replies,1
hey,654
soundi,9
brothers,21
schoolgirls,1
fingerssinging,2
teams,4
eyesooh,10
leadin,4
pill,8
kitchen,5
dreamevery,1
eyessitting,2
pa,82
bluebut,1
saynobody,2
proudbr,4
hello,39
unwind,3
songlady,2
sweats,4
shine,189
message,30
controltherell,1
study,3
radioactivei,2
listen,428
responsibility,4
tuition,1
nickels,1
yelled,3
armscause,1
bake,3
dads,1
friendwhenever,1
apartments,4
eyeswalk,2
loudbr,4
sharpie,1
heals,8
giving,133
guitardont,1
charity,4
stories,8
neighbor,9
head,389
shitty,2
pencil,1
motivation,4
pink,8
recreation,3
danceon,1
beautifulna,1
shoesthere,1
spitting,5
wed,84
humaneveryones,1
glow,8
sayevery,2
easythe,1
dancing,196
controlcause,10
doortambourines,2
warmits,1
joints,1
brotherhes,1
strongand,1
learns,2
moneyall,9
dreamsand,4
weve,249
sculpting,1
beerwhere,1
public,4
credit,16
peoplemusic,1
bluein,2
dancethrow,1
newborn,5
solutions,1
blacks,2
gamesome,1
overtime,8
controlooh,2
colored,1
aids,1
sayburn,6
climbed,5
shoulders,19
amuse,1
housecause,1
cds,1
championsstanding,1
lovereal,24
beefcake,1
freebaby,1
champagnei,1
chesti,1
doori,1
dreamstonight,1
eyeshere,2
sent,59
ace,1
thick,19
stareid,2
songgood,2
strongwell,1
dancingparty,1
friendand,5
promotin,4
dreamspeople,1
doorlittle,1
touchyou,2
paper,26
gamei,2
controlwell,2
looks,63
write,82
dancelets,1
speech,6
inc,2
eyesiiii,2
parties,8
who,730
easyand,1
cruisinbaby,1
you,25312
motel,3
whose,19
competing,1
super,18
mummy,2
mothers,28
gamesbaby,2
daddys,5
legaldance,1
boy,798
